Title,Year,Genre,Runtime,Budget,BoxOffice,Director,Rating,Country
Grass-roots modular methodology,2018,Thriller,169.0,121.0,323.1,Greta Smith,8.6,UK
Virtual exuding infrastructure,2004,Romance,173.0,47.4,69.7,Ridley Davis,9.1,Canada
Proactive transitional benchmark,1997,Sci-Fi,134.0,111.3,128.9,Kathryn Moore,5.4,India
Open-architected tangible interface,2010,Romance,171.0,102.6,217.8,James Jones,4.8,Canada
Quality-focused web-enabled Graphical User Interface,2008,Drama,137.0,,270.8,Greta Jones,7.2,South Korea
Horizontal executive interface,2012,Drama,159.0,160.6,408.4,Kathryn Williams,5.7,Canada
Networked bandwidth-monitored migration,2000,Action,106.0,16.1,12.4,Greta Johnson,3.2,USA
Phased directional protocol,2000,Romance,,96.8,378.5,Martin Davis,4.0,France
Polarized optimal architecture,2013,Thriller,107.0,158.3,625.6,Steven Wilson,7.7,Germany
Future-proofed tangible policy,2013,Horror,141.0,128.3,377.7,Sofia Smith,7.3,Germany
Diverse holistic array,1992,Sci-Fi,92.0,214.8,510.4,Christopher Taylor,3.2,UK
Polarized zero administration forecast,2011,Comedy,99.0,166.4,263.5,Greta Brown,4.4,France
Ergonomic encompassing contingency,1991,Thriller,169.0,44.9,150.3,David Jones,4.5,Canada
Multi-lateral human-resource adapter,2013,Thriller,128.0,,64.6,Kathryn Johnson,7.4,South Korea
Secured intermediate flexibility,2019,Drama,132.0,162.4,173.6,Sofia Davis,3.1,UK
Synergized actuating approach,1991,Romance,141.0,11.5,42.4,Quentin Moore,3.7,Canada
Customizable demand-driven service-desk,2010,Action,178.0,148.5,501.8,James Brown,8.2,India
Up-sized homogeneous solution,2022,Action,120.0,235.4,900.2,David Brown,4.2,Japan
Cloned human-resource analyzer,2001,Sci-Fi,98.0,146.0,443.8,David Davis,7.2,Canada
Extended eco-centric standardization,2011,Drama,106.0,100.1,265.0,Ridley Jones,4.5,France
Reduced disintermediate encoding,2014,Thriller,121.0,162.6,319.3,Sofia Miller,3.6,UK
Ergonomic 6thgeneration knowledge user,2016,Horror,,117.3,441.6,Greta Miller,,France
Face-to-face human-resource open architecture,2017,Drama,97.0,138.7,489.8,Christopher Williams,7.7,UK
Vision-oriented neutral functionalities,2005,Sci-Fi,140.0,235.7,155.2,Sofia Brown,8.6,Canada
Intuitive demand-driven pricing structure,2004,Sci-Fi,101.0,99.6,59.0,Martin Wilson,8.4,USA
Multi-tiered bifurcated pricing structure,1992,Drama,76.0,240.5,437.1,David Johnson,5.6,India
Customizable non-volatile contingency,1996,Sci-Fi,164.0,226.8,756.8,Martin Jones,,Canada
Customer-focused demand-driven solution,2010,Drama,91.0,53.0,209.6,David Davis,4.3,Germany
Progressive discrete ability,1998,Comedy,178.0,22.0,22.6,James Wilson,4.9,France
Monitored analyzing function,2007,Drama,107.0,29.7,76.6,David Williams,8.8,Japan
Advanced content-based service-desk,1993,Romance,83.0,9.5,17.4,Greta Johnson,3.1,Japan
User-centric human-resource infrastructure,2014,Drama,117.0,28.1,109.4,Sofia Taylor,,South Korea
Focused maximized open architecture,2003,Sci-Fi,122.0,172.3,594.0,Christopher Brown,4.4,UK
Devolved optimizing info-mediaries,1998,Romance,113.0,22.4,76.9,David Taylor,3.2,France
Innovative attitude-oriented groupware,2015,Sci-Fi,,83.1,177.9,David Jones,4.2,South Korea
User-centric incremental algorithm,1991,Action,116.0,,413.8,Christopher Jones,6.8,France
Organic context-sensitive approach,2009,Action,100.0,10.7,15.6,James Jones,5.7,Germany
Virtual optimal infrastructure,2017,Romance,173.0,204.5,142.6,James Smith,8.8,UK
Extended logistical focus group,1996,Comedy,124.0,74.1,261.3,Kathryn Davis,8.3,Canada
Compatible bi-directional implementation,1997,Action,99.0,34.0,113.7,Quentin Jones,,Canada
Progressive non-volatile challenge,2003,Drama,98.0,175.7,702.6,Christopher Smith,4.7,Japan
Secured impactful neural-net,2006,Sci-Fi,87.0,,634.5,David Johnson,5.5,Canada
Innovative coherent website,1993,Action,134.0,,,Sofia Taylor,6.8,Canada
Visionary regional database,1991,Action,81.0,185.1,590.7,Quentin Miller,4.7,Germany
Implemented reciprocal implementation,1995,Comedy,131.0,201.9,768.6,Kathryn Johnson,7.1,USA
Total disintermediate Internet solution,1993,Romance,110.0,74.1,257.4,Sofia Johnson,5.7,Japan
Operative object-oriented standardization,2018,Romance,119.0,48.5,,Martin Smith,6.6,South Korea
Balanced solution-oriented process improvement,2007,Thriller,94.0,188.9,392.3,Quentin Moore,5.8,India
Down-sized didactic definition,2015,Comedy,139.0,202.7,193.0,James Moore,4.9,USA
Networked reciprocal hub,1999,Drama,82.0,247.7,951.0,Sofia Davis,9.2,South Korea
Synergistic system-worthy policy,2003,Romance,90.0,106.1,278.2,Ridley Williams,8.0,UK
Fundamental static benchmark,2020,Sci-Fi,88.0,96.1,125.0,James Brown,3.9,USA
Cross-group 4thgeneration moderator,2004,Comedy,150.0,195.2,556.5,Steven Brown,8.6,Germany
Reduced contextually-based algorithm,1997,Action,161.0,88.5,235.7,Sofia Moore,6.2,South Korea
Programmable bifurcated strategy,2003,Sci-Fi,89.0,233.0,408.6,Steven Williams,8.8,UK
Integrated tertiary database,2012,Sci-Fi,166.0,215.3,193.2,Christopher Smith,8.2,Japan
Ergonomic high-level throughput,2010,Action,172.0,110.1,313.8,Sofia Davis,5.8,India
Proactive dedicated service-desk,2005,Comedy,140.0,189.0,438.7,Sofia Moore,3.1,UK
Streamlined 5thgeneration support,2007,Action,106.0,189.9,608.3,Quentin Williams,4.7,Canada
Organic client-server parallelism,2013,Thriller,161.0,30.3,70.3,Quentin Brown,6.5,France
Re-engineered multi-tasking circuit,2015,Sci-Fi,137.0,226.1,787.4,Quentin Williams,7.1,UK
Organic system-worthy portal,2014,Horror,160.0,128.8,313.2,Kathryn Jones,4.7,UK
Cloned secondary secured line,2018,Horror,125.0,207.5,511.1,Greta Taylor,3.9,India
Distributed fresh-thinking benchmark,2004,Drama,99.0,83.4,297.6,Greta Johnson,8.4,France
Mandatory content-based open system,1990,Romance,132.0,224.4,,Sofia Wilson,9.4,Canada
Synergized even-keeled projection,2014,Action,137.0,100.4,97.3,Ridley Wilson,6.4,South Korea
Adaptive tertiary concept,1996,Action,136.0,7.7,4.6,Christopher Davis,4.1,South Korea
Profound multi-state model,1998,Drama,96.0,226.8,712.8,James Miller,4.8,UK
Realigned asymmetric forecast,2013,Drama,132.0,27.4,73.2,James Moore,3.1,Germany
Distributed exuding migration,1990,Drama,132.0,83.2,246.6,James Smith,8.9,Germany
Triple-buffered regional forecast,1997,Sci-Fi,160.0,237.8,296.2,Ridley Johnson,3.8,France
Integrated solution-oriented database,2013,Thriller,123.0,237.9,232.5,Quentin Wilson,6.7,France
User-centric background initiative,2000,Action,126.0,145.5,80.2,Sofia Williams,4.8,Canada
Total methodical migration,2006,Sci-Fi,116.0,159.8,276.0,Ridley Williams,6.6,India
Extended exuding data-warehouse,1997,Drama,,114.9,294.7,David Davis,7.2,Japan
Virtual eco-centric info-mediaries,2022,Action,89.0,76.8,143.8,Christopher Miller,8.4,South Korea
Re-contextualized intangible secured line,1994,Sci-Fi,128.0,85.5,173.7,Christopher Wilson,4.3,India
Organic 3rdgeneration open system,2017,Thriller,134.0,169.8,622.2,Kathryn Jones,3.1,USA
Down-sized exuding monitoring,1996,Sci-Fi,175.0,189.3,325.4,James Jones,3.9,South Korea
Organized dynamic help-desk,1998,Thriller,171.0,198.9,457.3,Ridley Jones,8.9,India
Multi-tiered didactic policy,1997,Drama,82.0,198.5,643.7,David Moore,8.7,South Korea
Cloned analyzing portal,2001,Thriller,127.0,27.3,51.5,James Brown,6.9,Japan
Future-proofed object-oriented matrix,2022,Action,134.0,126.1,337.6,Ridley Smith,6.9,USA
Ameliorated web-enabled open architecture,2012,Drama,79.0,19.1,67.2,Martin Davis,7.3,Germany
Reverse-engineered uniform artificial intelligence,2013,Action,177.0,139.6,533.7,Steven Taylor,4.1,Germany
Persevering systematic budgetary management,2011,Horror,,113.2,114.9,Quentin Taylor,8.9,Japan
Exclusive bandwidth-monitored challenge,2016,Comedy,80.0,222.5,832.8,James Davis,5.7,Canada
Vision-oriented asynchronous leverage,1990,Thriller,170.0,91.0,202.2,David Jones,5.5,USA
Multi-layered client-driven flexibility,2003,Comedy,168.0,33.7,47.3,Sofia Jones,6.4,UK
Object-based stable encryption,1992,Comedy,121.0,40.0,84.3,Sofia Wilson,3.3,India
Reactive methodical open system,1990,Thriller,173.0,191.6,,Quentin Jones,4.1,USA
Pre-emptive zero-defect capability,1994,Drama,129.0,156.5,348.1,Steven Williams,7.8,Canada
Business-focused coherent database,2015,Horror,114.0,29.8,49.2,Christopher Jones,3.5,Canada
Cross-group actuating hierarchy,2003,Action,126.0,25.6,69.6,Martin Taylor,6.9,Japan
Profound static structure,2016,Sci-Fi,90.0,176.7,236.9,Quentin Jones,4.6,South Korea
Total client-server artificial intelligence,1998,Action,87.0,22.8,17.5,Kathryn Wilson,5.5,USA
Business-focused optimal instruction set,2004,Sci-Fi,104.0,206.4,196.3,David Davis,,India
Streamlined human-resource software,2004,Action,93.0,178.0,168.8,Sofia Miller,5.3,USA
Synchronized dynamic service-desk,2015,Thriller,91.0,24.9,25.7,Kathryn Taylor,7.7,France
Re-engineered transitional policy,2002,Horror,137.0,25.8,25.4,Sofia Johnson,4.9,South Korea
Upgradable intermediate algorithm,2021,Sci-Fi,93.0,246.7,,Greta Smith,6.7,India
Networked even-keeled knowledge user,2021,Romance,166.0,96.7,109.9,Sofia Jones,6.1,Germany
Distributed executive adapter,1993,Drama,132.0,95.8,163.8,Martin Brown,7.3,India
Down-sized 24/7 database,2019,Action,129.0,204.1,742.7,Sofia Brown,9.1,UK
Ameliorated mobile alliance,2012,Action,164.0,237.1,511.9,Sofia Taylor,7.8,Japan
Ergonomic actuating Graphic Interface,2004,Sci-Fi,175.0,246.6,699.5,James Taylor,4.4,UK
Face-to-face tertiary throughput,2018,Drama,164.0,189.6,209.2,Greta Davis,3.2,India
Decentralized reciprocal productivity,2002,Drama,136.0,97.2,114.0,Christopher Wilson,4.7,South Korea
Devolved bifurcated model,2021,Thriller,97.0,25.5,,Greta Davis,6.9,USA
Vision-oriented well-modulated protocol,1996,Romance,83.0,195.4,213.2,Ridley Smith,3.3,Germany
Quality-focused maximized policy,2011,Thriller,86.0,141.8,209.2,Quentin Brown,6.2,USA
Upgradable analyzing protocol,2017,Thriller,75.0,,121.9,Kathryn Jones,6.9,South Korea
Optional contextually-based challenge,1991,Thriller,132.0,227.1,184.1,David Miller,5.2,India
Fundamental heuristic architecture,1995,Thriller,75.0,32.2,29.7,Greta Smith,8.0,Canada
Multi-channeled bottom-line orchestration,2017,Thriller,108.0,125.7,265.6,David Miller,3.7,USA
Seamless encompassing help-desk,2017,Horror,170.0,7.8,9.5,Christopher Wilson,3.5,Canada
Virtual exuding structure,2009,Drama,122.0,119.8,212.6,Quentin Moore,7.7,USA
Grass-roots homogeneous implementation,2019,Thriller,163.0,18.8,42.5,Quentin Moore,6.2,USA
Quality-focused heuristic archive,2000,Drama,,34.1,99.4,Kathryn Jones,7.5,Germany
Profit-focused heuristic circuit,2017,Drama,75.0,33.8,21.6,Greta Brown,5.8,Japan
Advanced radical methodology,2014,Comedy,90.0,164.1,541.2,Kathryn Moore,4.6,Japan
Synchronized client-server policy,2022,Horror,135.0,187.8,506.6,Christopher Jones,8.3,France
Balanced local matrices,1990,Thriller,177.0,147.9,116.3,Greta Taylor,8.2,UK
Fully-configurable fresh-thinking time-frame,2016,Action,138.0,240.7,856.3,David Johnson,7.5,South Korea
Team-oriented optimizing complexity,2002,Sci-Fi,137.0,96.8,360.4,Ridley Johnson,4.8,South Korea
Diverse 3rdgeneration standardization,1992,Romance,143.0,75.0,53.5,Steven Smith,,South Korea
Centralized uniform utilization,1995,Action,96.0,,320.0,Christopher Davis,5.3,France
Optional 24/7 structure,1997,Horror,167.0,59.8,198.6,Sofia Moore,3.6,Japan
Synergized bottom-line matrices,2016,Sci-Fi,141.0,241.0,751.7,Ridley Jones,9.0,India
Automated responsive functionalities,1998,Horror,150.0,8.0,9.2,David Brown,3.9,Canada
Grass-roots demand-driven array,2022,Drama,100.0,242.6,299.1,Sofia Smith,9.2,Germany
Function-based solution-oriented Graphical User Interface,2013,Sci-Fi,90.0,15.6,28.0,James Davis,5.9,Canada
Managed logistical process improvement,2004,Drama,125.0,223.3,490.3,Kathryn Johnson,4.2,India
Operative dynamic protocol,2021,Action,175.0,134.3,357.8,Quentin Smith,6.5,Germany
Self-enabling asymmetric hardware,2021,Action,160.0,248.3,444.8,Ridley Smith,8.7,France
Intuitive cohesive concept,2013,Sci-Fi,131.0,23.1,48.9,Martin Moore,7.8,India
Synergized human-resource projection,2001,Sci-Fi,,140.7,438.4,James Jones,8.2,South Korea
Inverse 5thgeneration focus group,1991,Thriller,152.0,242.5,152.4,David Davis,7.3,UK
Configurable dedicated product,1992,Horror,166.0,133.2,184.3,Sofia Smith,7.5,USA
Multi-tiered local access,2006,Thriller,143.0,159.2,477.1,Ridley Smith,8.5,Canada
Compatible client-server support,1991,Horror,121.0,175.5,,Ridley Williams,4.6,Japan
Enterprise-wide fresh-thinking service-desk,1991,Thriller,168.0,116.4,266.7,Sofia Williams,6.2,Japan
Right-sized mission-critical access,2017,Drama,136.0,158.8,375.1,James Wilson,4.4,France
Customer-focused tertiary conglomeration,2012,Sci-Fi,143.0,148.2,129.7,Christopher Johnson,9.4,Germany
Open-architected secondary methodology,2021,Action,150.0,225.8,466.5,James Williams,9.1,Japan
Progressive object-oriented encryption,2022,Horror,90.0,16.1,38.1,Steven Johnson,,South Korea
User-centric 6thgeneration groupware,1990,Horror,164.0,73.8,99.5,David Smith,7.6,Canada
Profound multi-tasking encoding,2008,Action,164.0,237.9,343.1,Steven Davis,9.0,India
Business-focused methodical capability,1991,Thriller,122.0,223.1,406.2,Christopher Jones,4.2,South Korea
Persevering multi-tasking firmware,2015,Horror,159.0,116.6,66.5,James Wilson,6.7,France
